{
  "ecs7": true,
  "runtimeVersion": "7",
  "display": {
    "title": "Guided tour",
    "description": "Shoot wormholes to teleport anywhere. Press E to switch the portal color. Only works on SDK7 scenes.",
    "navmapThumbnail": "assets/scene/glasses.png"
  },
  "scene": {
    "parcels": [
      "0,0"
    ],
    "base": "0,0"
  },
  "main": "bin/index.js",
  "requiredPermissions": [
    "ALLOW_TO_TRIGGER_AVATAR_EMOTE",
    "ALLOW_TO_MOVE_PLAYER_INSIDE_SCENE"
  ],
  "contact": {
    "name": "",
    "email": ""
  },
  "tags": [],
  "spawnPoints": [{
    "name": "spawn1",
    "default": true,
    "position": {
      "x": [
        0,
        3
      ],
      "y": [
        0,
        0
      ],
      "z": [
        0,
        3
      ]
    },
    "cameraTarget": {
      "x": 8,
      "y": 1,
      "z": 8
    }
  }],
  "featureToggles": {
  },
  "source": {
    "origin": "creator-hub",
    "projectId": "8bc6aa66-5eeb-4421-ad05-93d6b849bebe"
  },
  "rating": "T"
}