{
	"id": "8fc2fc31-f49a-4653-bdde-f6da3709506f",
	"data": {
		"replaces": [],
		"hides": [],
		"tags": [
			"portal",
			"gun",
			"portalGun",
			"teleport"
		],
		"representations": [
			{
				"bodyShapes": [
					"urn:decentraland:off-chain:base-avatars:BaseMale",
					"urn:decentraland:off-chain:base-avatars:BaseFemale"
				],
				"mainFile": "glasses.glb",
				"contents": [
					"glasses.glb"
				],
				"overrideHides": [],
				"overrideReplaces": []
			}
		],
		"category": "eyewear"
	},
	"name": "Guided Tour CONES",
	"description": "Draw cones to follow the tour's path.",
	"rarity": "uncommon"
}