{
  "version": 1,
  "components": [
    {
      "name": "core::GltfContainer",
      "data": {
        "0": {
          "json": {
            "src": "{assetPath}/admin_toolkit.glb",
            "visibleMeshesCollisionMask": 1,
            "invisibleMeshesCollisionMask": 0
          }
        }
      }
    },
    {
      "name": "core::VisibilityComponent",
      "data": {
        "0": {
          "json": {
            "visible": false
          }
        }
      }
    },
    {
      "name": "asset-packs::AdminTools",
      "data": {
        "0": {
          "json": {
            "adminPermissions": "PUBLIC",
            "authorizedAdminUsers": {
              "me": true,
              "sceneOwners": true,
              "allowList": true,
              "adminAllowList": []
            },
            "moderationControl": {
              "isEnabled": true,
              "kickCoordinates": {
                "x": 0,
                "y": 0,
                "z": 0
              },
              "allowNonOwnersManageAdminAllowList": false
            },
            "textAnnouncementControl": {
              "isEnabled": true,
              "playSoundOnEachAnnouncement": true,
              "showAuthorOnEachAnnouncement": true
            },
            "videoControl": {
              "isEnabled": true,
              "disableVideoPlayersSound": false,
              "showAuthorOnVideoPlayers": true,
              "linkAllVideoPlayers": false,
              "videoPlayers": []
            },
            "smartItemsControl": {
              "isEnabled": true,
              "linkAllSmartItems": false,
              "smartItems": []
            },
            "rewardsControl": {
              "isEnabled": true,
              "rewardItems": []
            }
          }
        }
      }
    },
    {
      "name": "inspector::Config",
      "data": {
        "0": {
          "json": {
            "isBasicViewEnabled": true,
            "componentName": "Admin Tools",
            "fields": [
              {
                "name": "Controls",
                "type": "asset-packs::AdminTools"
              }
            ]
          }
        }
      }
    },
    {
      "name": "core-schema::Sync-Components",
      "data": {
        "0": {
          "json": {
            "value": ["asset-packs::AdminTools"]
          }
        }
      }
    }
  ]
}
